{"base_files_url": "https://raw.githubusercontent.com/RGarciaLago/MGL_Core_Setnames/ed4c01369fa4cf2658abbbfa9bef650d7d932756/", "db_id": "RGarciaLago/MGL_Core_Setnames", "db_url": "https://raw.githubusercontent.com/RGarciaLago/MGL_Core_Setnames/db/db.json.zip", "files": {"_Console/Atari 2600.mgl": {"hash": "28df61aeb073250b06af3de10d452d47", "size": 110, "tags": [11, 16, 17, 18, 19]}, "_Console/Atari 7800 (Light-gun).mgl": {"hash": "33dacc62f4de8aefb8c75c7685916011", "size": 119, "tags": [11, 16, 17, 19, 20]}, "_Console/Atari Lynx (Vertical).mgl": {"hash": "9e177d90b8f97023a78e415bd1096430", "size": 119, "tags": [11, 16, 17, 21, 22]}, "_Console/Game Boy Advance (Enhanced).mgl": {"hash": "85d18e419397909c8f939ea5f16d601b", "size": 107, "tags": [10, 11, 16, 17, 23]}, "_Console/Game Boy Color 2P.mgl": {"hash": "72ac565ea51608472d1f4ced51876503", "size": 105, "tags": [11, 16, 17, 24, 25]}, "_Console/Game Boy Color.mgl": {"hash": "7c0b7ad37089a6b3831aaafd0aec52df", "size": 102, "tags": [7, 8, 11, 16, 17]}, "_Console/Game Gear.mgl": {"hash": "5551150c6dae02dc09621c617b1518ce", "size": 103, "tags": [6, 11, 16, 17, 26]}, "_Console/Genesis (Light-gun).mgl": {"hash": "43f2847e53a32df659a1b0fccd3c23fb", "size": 115, "tags": [4, 11, 16, 17, 27]}, "_Console/Master System (Light-gun).mgl": {"hash": "fc6035b6b904695dd35f51fab88c0500", "size": 107, "tags": [6, 11, 16, 17, 28]}, "_Console/Mega Duck.mgl": {"hash": "0aafa7172f5d5d90a72e435e381704df", "size": 107, "tags": [7, 11, 16, 17, 29]}, "_Console/NES (Light-gun).mgl": {"hash": "7b167fe5f1039e6a7b980bb4f7039025", "size": 107, "tags": [0, 11, 16, 17, 33]}, "_Console/NeoGeo-CD.mgl": {"hash": "62b45a94806f061f4668e75ae6a4ca91", "size": 107, "tags": [11, 16, 17, 30, 31]}, "_Console/NeoGeoMVS.mgl": {"hash": "c5413714f9e80cc9404450be307fdb87", "size": 107, "tags": [11, 16, 17, 31, 32]}, "_Console/PSX_2XCPU.mgl": {"hash": "e0236c80b74f821c00cab6a94b7dae29", "size": 115, "tags": [11, 16, 17, 37]}, "_Console/PlayStation (Enhanced).mgl": {"hash": "c2e720c2571584b79e0d6a7d1444dd32", "size": 106, "tags": [11, 16, 17, 34, 35]}, "_Console/PlayStation (Light-gun).mgl": {"hash": "04e628241b89525985c7b6d493e9c0b4", "size": 107, "tags": [11, 16, 17, 35, 36]}, "_Console/SEGA CD (Light-gun).mgl": {"hash": "cd25f9aefdbead9e4fcefd8e00e7d0fe", "size": 113, "tags": [5, 11, 16, 17, 38]}, "_Console/SG-1000.mgl": {"hash": "2f5af1d32b083e0c014dc046b791a849", "size": 110, "tags": [11, 16, 17, 39, 40]}, "_Console/SNES (Enhanced).mgl": {"hash": "fc6712b6727c5416376aeb89d387be5a", "size": 108, "tags": [1, 11, 16, 17, 41]}, "_Console/Super NES (Light-gun).mgl": {"hash": "8a9e6caa89f35f0ea9c78b521c46bddc", "size": 109, "tags": [1, 11, 16, 17, 42]}, "_Console/SuperGrafx.mgl": {"hash": "a86313f53f78ba125485986f0cfd1158", "size": 113, "tags": [2, 11, 16, 17, 43]}, "_Console/TurboGrafx-CD.mgl": {"hash": "93180ff505f01cde4ea1410cc628e640", "size": 113, "tags": [2, 3, 11, 16, 17]}, "_Console/WonderSwan (Vertical).mgl": {"hash": "93a21faa58c6c70ed9e16dd3c7089f8e", "size": 121, "tags": [11, 16, 17, 44, 45]}, "_Console/WonderSwan Color (Vertical).mgl": {"hash": "ee6e376152c1d8187804ae925f26458d", "size": 126, "tags": [11, 16, 17, 45, 46]}, "_Console/WonderSwan Color.mgl": {"hash": "b02872484c777c38f00e632eb7c34222", "size": 117, "tags": [11, 16, 17, 45, 47]}}, "folders": {"_Console": {"tags": [11, 17]}}, "tag_dictionary": {"atari2600": 18, "atari7800": 19, "atari7800lightgun": 20, "atarilynx": 22, "atarilynxvertical": 21, "colecovision": 40, "console": 11, "consolecores": 11, "cores": 17, "famicom": 0, "gameboy": 7, "gameboy2p": 25, "gameboyadvance": 10, "gameboyadvanceenhanced": 23, "gameboycolor": 8, "gameboycolor2p": 24, "gamegear": 26, "gb": 7, "gba": 10, "gbc": 8, "genesis": 4, "genesislightgun": 27, "mastersystem": 6, "mastersystemlightgun": 28, "megacd": 5, "megadrive": 4, "megaduck": 29, "mgl": 16, "neogeo": 31, "neogeocd": 30, "neogeomvs": 32, "nes": 0, "neslightgun": 33, "nintendo": 0, "pcengine": 2, "pcenginecd": 3, "playstationenhanced": 34, "playstationlightgun": 36, "psx": 35, "psx2xcpu": 37, "segacd": 5, "segacdlightgun": 38, "segamark3": 6, "sg1000": 39, "sms": 6, "snes": 1, "snesenhanced": 41, "sufami": 1, "superfamicom": 1, "supergrafx": 43, "supernes": 1, "superneslightgun": 42, "supernintendo": 1, "tgfx16": 2, "tgfx16cd": 3, "turbografx": 2, "turbografx16": 2, "turbografx16cd": 3, "turbografxcd": 3, "wonderswan": 45, "wonderswancolor": 47, "wonderswancolorvertical": 46, "wonderswanvertical": 44}, "timestamp": 1688939489}